TSCode	TripCode	LineCode	RecordedTime	Longitude	Latitude	Count
A003	1281419	54	2021-09-20T12:01:19	71.43092	51.0950966	10
A003	1281419	54	2021-09-20T12:02:10	71.4288559	51.0954475	11
A003	1281419	54	2021-09-20T12:03:50	71.4283142	51.0990334	12
A003	1281419	54	2021-09-20T12:03:50	71.4283142	51.0990334	13
A003	1281419	54	2021-09-20T12:05:34	71.42993	51.1030655	14
A003	1281419	54	2021-09-20T12:06:04	71.4309158	51.10619	15
A003	1281419	54	2021-09-20T12:07:34	71.43188	51.1088371	16
A003	1281419	54	2021-09-20T12:08:40	71.43244	51.110218	16
A003	1281419	54	2021-09-20T12:09:11	71.43302	51.1123428	16
A003	1281419	54	2021-09-20T12:10:22	71.43287	51.1131248	16
A003	1281419	54	2021-09-20T12:11:19	71.42796	51.11388	16
A003	1281419	54	2021-09-20T12:12:17	71.42746	51.1151466	16
A003	1281419	54	2021-09-20T12:13:28	71.42816	51.1171379	16
A003	1281419	54	2021-09-20T12:14:23	71.42881	51.1187973	16
A003	1281419	54	2021-09-20T12:15:44	71.42907	51.11945	16
A003	1281419	54	2021-09-20T12:16:43	71.42931	51.12	16
A003	1281419	54	2021-09-20T12:17:32	71.4297256	51.1210022	16
A003	1281419	54	2021-09-20T12:18:16	71.42959	51.12109	16
A003	1281419	54	2021-09-20T12:19:31	71.43026	51.1225243	16
A003	1281419	54	2021-09-20T12:20:33	71.43059	51.1234856	16
A003	1281419	54	2021-09-20T12:22:10	71.43643	51.12481	16
A003	1281419	54	2021-09-20T12:22:40	71.43643	51.12481	16
A003	1281419	54	2021-09-20T12:23:49	71.43825	51.1258163	16
A003	1281419	54	2021-09-20T12:24:50	71.43937	51.12872	16
A003	1281419	54	2021-09-20T12:25:37	71.44003	51.1302757	16
A003	1281419	54	2021-09-20T12:26:07	71.4417	51.1317024	16
A003	1281419	54	2021-09-20T12:27:32	71.43677	51.1329575	16
A003	1281419	54	2021-09-20T12:28:23	71.43538	51.1332245	16
A003	1281419	54	2021-09-20T12:30:07	71.42966	51.1342163	30
A003	1281419	54	2021-09-20T12:31:10	71.42302	51.1353569	30
A003	1281419	54	2021-09-20T12:31:29	71.42267	51.1354065	30
A003	1281419	54	2021-09-20T12:32:30	71.41362	51.13679	30
A003	1281419	54	2021-09-20T12:33:32	71.4098358	51.1397247	30
A003	1281419	54	2021-09-20T12:34:47	71.41163	51.144062	30
A003	1281419	54	2021-09-20T12:35:29	71.41209	51.1455345	30
A003	1281419	54	2021-09-20T12:36:30	71.4122	51.14592	30
A003	1281419	54	2021-09-20T12:37:52	71.41286	51.15094	30
A003	1281419	54	2021-09-20T12:39:04	71.41212	51.1559143	30
A003	1281419	54	2021-09-20T12:39:34	71.4112	51.1591263	30
A003	1281419	54	2021-09-20T12:40:22	71.41032	51.1620865	30
A003	1281419	54	2021-09-20T12:41:24	71.41013	51.162693	30
A003	1281419	54	2021-09-20T12:42:26	71.41	51.1631	30
A003	1281419	54	2021-09-20T12:44:19	71.40828	51.1689377	30
A003	1281419	54	2021-09-20T12:44:50	71.40815	51.1695023	30
A003	1281419	54	2021-09-20T12:45:58	71.40759	51.1716	30
A003	1281419	54	2021-09-20T12:46:42	71.4074	51.1722374	30
A003	1281419	54	2021-09-20T12:47:37	71.40699	51.1739578	30
A003	1281419	54	2021-09-20T12:48:08	71.4067	51.1746521	30
A003	1281419	54	2021-09-20T12:49:10	71.40662	51.174984	30
A003	1281419	54	2021-09-20T12:51:04	71.39579	51.17625	30
A003	1281419	54	2021-09-20T12:52:08	71.38703	51.17827	30
A003	1281419	54	2021-09-20T12:52:59	71.38156	51.1796875	30
A003	1281419	54	2021-09-20T12:53:44	71.3769455	51.1808624	30
A003	1281419	54	2021-09-20T12:54:38	71.3731155	51.18188	30
A003	1281419	54	2021-09-20T12:55:24	71.3697357	51.18267	30
A003	1281419	54	2021-09-20T12:56:42	71.36824	51.1830978	30
A003	1281419	54	2021-09-20T12:58:22	71.3580551	51.1855965	30
A003	1281419	54	2021-09-20T12:58:52	71.3542938	51.1864777	30
A003	1281419	54	2021-09-20T12:59:12	71.35278	51.1868858	30
A003	1281419	54	2021-09-20T12:59:12	71.35278	51.1868858	30
A003	1281419	54	2021-09-20T12:59:12	71.35278	51.1868858	30
A003	1281419	54	2021-09-20T12:59:12	71.35278	51.1868858	30
A003	1281419	54	2021-09-20T12:59:12	71.35278	51.1868858	30
A003	1281419	54	2021-09-20T12:59:12	71.35278	51.1868858	30
A003	1281419	54	2021-09-20T12:59:12	71.35278	51.1868858	30
A003	1281419	54	2021-09-20T12:59:12	71.35278	51.1868858	30
A003	1281419	54	2021-09-20T12:59:12	71.35278	51.1868858	30
A003	1281419	54	2021-09-20T13:09:19	71.3258057	51.18361	30
A003	1281419	54	2021-09-20T13:10:22	71.32869	51.1867065	30
A003	1281419	54	2021-09-20T13:12:21	71.32573	51.1904068	30
A003	1281419	54	2021-09-20T13:12:21	71.32573	51.1904068	30
A003	1281419	54	2021-09-20T13:13:34	71.32279	51.19085	30
A003	1281419	54	2021-09-20T13:14:35	71.3165054	51.18655	30
A003	1281421	54	2021-09-20T13:16:06	71.3173141	51.18614	30
A003	1281421	54	2021-09-20T13:17:07	71.3173141	51.18614	30
A003	1281421	54	2021-09-20T13:17:52	71.31699	51.18626	30
A003	1281421	54	2021-09-20T13:19:12	71.32156	51.1898842	30
A003	1281421	54	2021-09-20T13:20:13	71.32468	51.1908531	30
A003	1281421	54	2021-09-20T13:20:43	71.3257446	51.1903229	30
A003	1281421	54	2021-09-20T13:22:15	71.3297043	51.1881371	30
A003	1281421	54	2021-09-20T13:23:16	71.3268661	51.1849823	30
A003	1281421	54	2021-09-20T13:24:17	71.32897	51.1816826	30
A003	1281421	54	2021-09-20T13:24:17	71.32897	51.1816826	30
A003	1281421	54	2021-09-20T13:25:55	71.33655	51.1788826	30
A003	1281421	54	2021-09-20T13:26:24	71.33915	51.1780739	30
A003	1281421	54	2021-09-20T13:28:19	71.33835	51.1802521	30
A003	1281421	54	2021-09-20T13:29:06	71.3387	51.18201	30
A003	1281421	54	2021-09-20T13:29:58	71.3428345	51.1859	30
A003	1281421	54	2021-09-20T13:31:03	71.34396	51.1869659	30
A003	1281421	54	2021-09-20T13:32:17	71.34633	51.188076	30
A003	1281421	54	2021-09-20T13:32:47	71.35003	51.1872177	30
A003	1281421	54	2021-09-20T13:34:07	71.35782	51.1853027	30
A003	1281421	54	2021-09-20T13:35:32	71.36496	51.1835175	30
A003	1281421	54	2021-09-20T13:36:34	71.36496	51.1835175	30
A003	1281421	54	2021-09-20T13:37:04	71.36496	51.1835175	30
A003	1281421	54	2021-09-20T13:37:57	71.37013	51.1822624	30
A003	1281421	54	2021-09-20T13:38:53	71.37253	51.1817474	30
A003	1281421	54	2021-09-20T13:40:26	71.37483	51.18112	30
A003	1281421	54	2021-09-20T13:41:06	71.37524	51.1809959	30
A003	1281421	54	2021-09-20T13:42:13	71.38184	51.1793175	30
A003	1281421	54	2021-09-20T13:43:01	71.3834	51.1788826	30
A003	1281421	54	2021-09-20T13:43:32	71.38662	51.1781044	30
A003	1281421	54	2021-09-20T13:43:32	71.38662	51.1781044	30
A003	1281421	54	2021-09-20T13:45:58	71.39628	51.1758842	30
A003	1281421	54	2021-09-20T13:47:31	71.39956	51.175293	30
A003	1281421	54	2021-09-20T13:48:31	71.40651	51.1741	30
A003	1281421	54	2021-09-20T13:48:50	71.40651	51.1741	30
A003	1281421	54	2021-09-20T13:50:08	71.407814	51.1695251	30
A003	1281421	54	2021-09-20T13:51:12	71.4078751	51.1692734	30
A003	1281421	54	2021-09-20T13:51:47	71.4080048	51.16866	30
A003	1281421	54	2021-09-20T13:53:21	71.40988	51.1624	30
A003	1281421	54	2021-09-20T13:53:52	71.4099655	51.1617737	30
A003	1281421	54	2021-09-20T13:55:33	71.41243	51.1523781	30
A003	1281421	54	2021-09-20T13:56:18	71.41254	51.1505737	30
A003	1281421	54	2021-09-20T13:57:36	71.4108658	51.14334	30
A003	1281421	54	2021-09-20T13:57:36	71.4108658	51.14334	30
A003	1281421	54	2021-09-20T13:58:17	71.4101	51.14123	30
A003	1281421	54	2021-09-20T14:00:20	71.40885	51.13774	30
A003	1281421	54	2021-09-20T14:00:51	71.40885	51.13774	30
A003	1281421	54	2021-09-20T14:02:23	71.41244	51.136734	30
A003	1281421	54	2021-09-20T14:03:25	71.41244	51.136734	30
A003	1281421	54	2021-09-20T14:04:04	71.414505	51.1365242	30
A003	1281421	54	2021-09-20T14:05:06	71.414505	51.1365242	30
A003	1281421	54	2021-09-20T14:06:27	71.41962	51.13574	30
A003	1281421	54	2021-09-20T14:07:18	71.42609	51.13459	30
A003	1281421	54	2021-09-20T14:08:36	71.43402	51.13327	30
A003	1281421	54	2021-09-20T14:09:06	71.43402	51.13327	30
A003	1281421	54	2021-09-20T14:10:08	71.43449	51.133194	30
A003	1281421	54	2021-09-20T14:11:46	71.43954	51.1301079	30
A003	1281421	54	2021-09-20T14:12:48	71.43915	51.1291542	30
A003	1281421	54	2021-09-20T14:13:19	71.43875	51.12839	30
A003	1281421	54	2021-09-20T14:14:34	71.43612	51.1250153	30
A003	1281421	54	2021-09-20T14:15:05	71.4317856	51.1256256	30
A003	1281421	54	2021-09-20T14:16:07	71.4314651	51.12569	30
A003	1281421	54	2021-09-20T14:17:00	71.4303741	51.1232529	30
A003	1281421	54	2021-09-20T14:18:31	71.42922	51.1205559	30
A003	1281421	54	2021-09-20T14:19:37	71.4278946	51.11704	30
A003	1281421	54	2021-09-20T14:20:32	71.4271545	51.1148949	30
A003	1281421	54	2021-09-20T14:21:15	71.4269257	51.11426	30
A003	1281421	54	2021-09-20T14:22:16	71.4275742	51.1138039	30
A003	1281421	54	2021-09-20T14:23:28	71.4324341	51.1130753	30
A003	1281421	54	2021-09-20T14:24:30	71.4324341	51.1130753	30
A003	1281421	54	2021-09-20T14:25:22	71.4324341	51.1118469	30
A003	1281421	54	2021-09-20T14:26:38	71.43093	51.1075974	30
A003	1281421	54	2021-09-20T14:27:44	71.43052	51.1059341	30
A003	1281421	54	2021-09-20T14:28:46	71.42855	51.1004372	30
A003	1281421	54	2021-09-20T14:29:19	71.4278	51.09885	30
A003	1281421	54	2021-09-20T14:30:12	71.4270554	51.09612	30
A003	1281421	54	2021-09-20T14:31:19	71.4276352	51.0953522	30
A003	1281421	54	2021-09-20T14:32:51	71.43774	51.09391	30
A003	1281421	54	2021-09-20T14:33:48	71.44234	51.09326	30
A003	1281421	54	2021-09-20T14:34:21	71.44285	51.0931931	30
A003		54	2021-09-20T14:35:28	71.4487	51.0924263	30
A003		54	2021-09-20T14:36:29	71.44751	51.09275	30
A003	1281423	54	2021-09-20T14:37:37	71.44681	51.0929222	30
A003	1281423	54	2021-09-20T14:37:56	71.4463348	51.0929527	21
A003	1281423	54	2021-09-20T14:39:34	71.44119	51.0937233	21
A003	1281423	54	2021-09-20T14:40:42	71.4376755	51.09417	12
A003	1281423	54	2021-09-20T14:41:57	71.43096	51.095108	12
A003	1281423	54	2021-09-20T14:42:28	71.42957	51.095295	12
A003	1281423	54	2021-09-20T14:43:13	71.4288559	51.09544	12
A003	1281423	54	2021-09-20T14:43:42	71.42731	51.09581	12
A003	1281423	54	2021-09-20T14:45:32	71.42916	51.1007767	17
A003	1281423	54	2021-09-20T14:46:34	71.4302	51.10353	17
A003	1281423	54	2021-09-20T14:47:36	71.4323959	51.1097832	17
A003	1281423	54	2021-09-20T14:48:28	71.4329453	51.1122246	20
A003	1281423	54	2021-09-20T14:49:23	71.43191	51.1133957	20
A003	1281423	54	2021-09-20T14:50:05	71.42895	51.1137543	31
A003	1281423	54	2021-09-20T14:51:22	71.42702	51.11436	31
A003	1281423	54	2021-09-20T14:52:59	71.428215	51.1174622	13
A003	1281423	54	2021-09-20T14:53:52	71.42897	51.1194153	13
A003	1281423	54	2021-09-20T14:54:16	71.42923	51.1200676	13
A003	1281423	54	2021-09-20T14:55:31	71.4297	51.120903	31
A003	1281423	54	2021-09-20T14:56:18	71.42983	51.12147	31
A003	1281423	54	2021-09-20T14:57:29	71.43005	51.12237	31
A003	1281423	54	2021-09-20T14:58:35	71.4304657	51.12336	13
A003	1281423	54	2021-09-20T14:58:35	71.4304657	51.12336	31
A003	1281423	54	2021-09-20T15:00:35	71.43311	51.1254	31
A003	1281423	54	2021-09-20T15:01:57	71.43595	51.1249847	5
A003	1281423	54	2021-09-20T15:02:59	71.43595	51.1249847	5
A003	1281423	54	2021-09-20T15:03:29	71.43667	51.1248932	5
A003	1281423	54	2021-09-20T15:04:26	71.43794	51.12548	5
A003	1281423	54	2021-09-20T15:06:13	71.43965	51.12985	5
A003	1281423	54	2021-09-20T15:06:36	71.43985	51.13026	5
A003	1281423	54	2021-09-20T15:07:48	71.43962	51.1325836	5
A003	1281423	54	2021-09-20T15:08:40	71.43149	51.13395	5
A003	1281423	54	2021-09-20T15:09:42	71.43024	51.13417	5
A003	1281423	54	2021-09-20T15:10:04	71.42979	51.13427	5
A003	1281423	54	2021-09-20T15:11:31	71.4228745	51.1354637	5
A003	1281423	54	2021-09-20T15:12:36	71.417244	51.13639	7
A003	1281423	54	2021-09-20T15:14:07	71.40984	51.1372833	7
A003	1281423	54	2021-09-20T15:14:38	71.40956	51.13915	7
A003	1281423	54	2021-09-20T15:15:31	71.41101	51.1427574	7
A003	1281423	54	2021-09-20T15:17:01	71.4117	51.1446152	7
A003	1281423	54	2021-09-20T15:18:10	71.41269	51.1483536	7
A003	1281423	54	2021-09-20T15:18:50	71.4128342	51.15145	7
A003	1281423	54	2021-09-20T15:19:45	71.41281	51.1532021	8
A003	1281423	54	2021-09-20T15:21:09	71.41075	51.1606865	8
A003	1281423	54	2021-09-20T15:21:58	71.41028	51.16222	8
A003	1281423	54	2021-09-20T15:23:06	71.40947	51.16492	8
A003	1281423	54	2021-09-20T15:24:01	71.4091339	51.1659966	8
A003	1281423	54	2021-09-20T15:25:02	71.40874	51.16722	8
A003	1281423	54	2021-09-20T15:25:33	71.40821	51.1691475	8
A003	1281423	54	2021-09-20T15:26:04	71.40805	51.1698036	8
A003	1281423	54	2021-09-20T15:28:14	71.4069061	51.17398	8
A003	1281423	54	2021-09-20T15:29:06	71.40655	51.1750755	8
A003	1281423	54	2021-09-20T15:29:37	71.40655	51.1750755	10
A003	1281423	54	2021-09-20T15:30:39	71.40196	51.1751671	12
A003	1281423	54	2021-09-20T15:31:46	71.39438	51.17661	12
A003	1281423	54	2021-09-20T15:32:24	71.3926239	51.1770325	12
A003	1281423	54	2021-09-20T15:34:22	71.38371	51.1791763	12
A003	1281423	54	2021-09-20T15:35:11	71.3815842	51.17975	12
A003	1281423	54	2021-09-20T15:36:07	71.37328	51.1819077	12
A003	1281423	54	2021-09-20T15:36:49	71.36991	51.1826935	12
A003	1281423	54	2021-09-20T15:38:14	71.36227	51.18455	12
A003	1281423	54	2021-09-20T15:38:45	71.35793	51.18565	12
A003	1281423	54	2021-09-20T15:39:16	71.35407	51.1865578	12
A003	1281423	54	2021-09-20T15:41:24	71.34478	51.1878128	12
A003	1281423	54	2021-09-20T15:42:13	71.34356	51.1866951	1
A003	1281423	54	2021-09-20T15:42:44	71.34187	51.185173	2
A003	1281423	54	2021-09-20T15:44:08	71.33735	51.1808167	21
A003	1281423	54	2021-09-20T15:44:39	71.3387756	51.1799774	5
A003	1281423	54	2021-09-20T15:46:21	71.3368149	51.1788521	5
A003	1281423	54	2021-09-20T15:47:14	71.3332	51.1802177	5
A003	1281423	54	2021-09-20T15:48:15	71.32582	51.18288	5
A003	1281423	54	2021-09-20T15:49:16	71.3284149	51.18641	5
A003	1281423	54	2021-09-20T15:50:05	71.32967	51.1878548	5
A003	1281423	54	2021-09-20T15:50:35	71.32927	51.18893	5
A003	1281423	54	2021-09-20T15:52:08	71.32371	51.19141	5
A003	1281423	54	2021-09-20T15:53:17	71.3173752	51.18722	5
A003	1281425	54	2021-09-20T15:54:24	71.31728	51.1861725	5
A003	1281425	54	2021-09-20T15:55:01	71.31728	51.1861725	5
A003	1281425	54	2021-09-20T15:56:03	71.31728	51.1861725	5
A003	1281425	54	2021-09-20T15:57:17	71.31728	51.1861725	9
A003	1281425	54	2021-09-20T15:58:19	71.31728	51.1861725	9
A003	1281425	54	2021-09-20T15:59:20	71.31728	51.1861725	9
A003	1281425	54	2021-09-20T16:00:22	71.31728	51.1861725	9
A003	1281425	54	2021-09-20T16:01:16	71.31728	51.1861725	9
A003	1281425	54	2021-09-20T16:02:29	71.31728	51.1861725	9
A003	1281425	54	2021-09-20T16:02:59	71.31728	51.1861725	9
A003	1281425	54	2021-09-20T16:04:32	71.31728	51.1861725	9
A003	1281425	54	2021-09-20T16:05:26	71.31728	51.1861725	9
A003	1281425	54	2021-09-20T16:06:27	71.31728	51.1861725	9
A003	1281425	54	2021-09-20T16:06:57	71.31728	51.1861725	9
A003	1281425	54	2021-09-20T16:07:59	71.31728	51.1861725	9
A003	1281425	54	2021-09-20T16:09:21	71.31728	51.1861725	1
A003	1281425	54	2021-09-20T16:10:53	71.31728	51.1861725	1
A003	1281425	54	2021-09-20T16:11:24	71.31728	51.1861725	1
A003	1281425	54	2021-09-20T16:12:26	71.31728	51.1861725	1
A003	1281425	54	2021-09-20T16:13:27	71.31728	51.1861725	1
A003	1281425	54	2021-09-20T16:14:32	71.31728	51.1861725	1
A003	1281425	54	2021-09-20T16:15:02	71.31728	51.1861725	1
A003	1281425	54	2021-09-20T16:16:04	71.31728	51.1861725	4
A003	1281425	54	2021-09-20T16:17:17	71.3165741	51.1866074	4
A003	1281425	54	2021-09-20T16:18:37	71.32456	51.190937	4
A003	1281425	54	2021-09-20T16:19:47	71.33004	51.188633	4
A003	1281425	54	2021-09-20T16:20:05	71.3297043	51.18817	4
A003	1281425	54	2021-09-20T16:21:31	71.32534	51.1833	4
A003	1281425	54	2021-09-20T16:22:29	71.33011	51.18124	4
A003	1281425	54	2021-09-20T16:23:33	71.3338	51.1799049	4
A003	1281425	54	2021-09-20T16:24:37	71.33907	51.17812	4
A003	1281425	54	2021-09-20T16:24:37	71.33907	51.17812	4
A003	1281425	54	2021-09-20T16:26:18	71.33833	51.180294	7
A003	1281425	54	2021-09-20T16:27:28	71.3388443	51.1821747	7
A003	1281425	54	2021-09-20T16:28:29	71.34272	51.1858139	7
A003	1281425	54	2021-09-20T16:29:15	71.343956	51.1869659	7
A003	1281425	54	2021-09-20T16:30:28	71.3463058	51.18811	7
A003	1281425	54	2021-09-20T16:31:11	71.34899	51.1874962	7
A003	1281425	54	2021-09-20T16:32:53	71.359314	51.18492	7
A003	1281425	54	2021-09-20T16:33:24	71.36244	51.1842041	7
A003	1281425	54	2021-09-20T16:34:21	71.36713	51.1830559	7
A003	1281425	54	2021-09-20T16:35:22	71.37139	51.182045	7
A003	1281425	54	2021-09-20T16:36:23	71.37272	51.1817169	7
A003	1281425	54	2021-09-20T16:37:07	71.37311	51.1816177	7
A003	1281425	54	2021-09-20T16:38:56	71.37893	51.18009	7
A003	1281425	54	2021-09-20T16:39:55	71.38342	51.1788864	7
A003	1281425	54	2021-09-20T16:40:26	71.38602	51.1782837	7
A003	1281425	54	2021-09-20T16:41:13	71.39022	51.17723	7
A003	1281425	54	2021-09-20T16:42:25	71.3942947	51.17625	7
A003	1281425	54	2021-09-20T16:43:25	71.39706	51.175766	7
A003	1281425	54	2021-09-20T16:44:23	71.40226	51.17483	7
A003	1281425	54	2021-09-20T16:46:16	71.4071655	51.1718941	7
A003	1281425	54	2021-09-20T16:46:47	71.40777	51.169693	7
A003	1281425	54	2021-09-20T16:47:50	71.40799	51.16875	7
A003	1281425	54	2021-09-20T16:48:48	71.4090042	51.16509	9
A003	1281425	54	2021-09-20T16:50:01	71.40998	51.1618347	9
A003	1281425	54	2021-09-20T16:50:18	71.40998	51.1618347	9
A003	1281425	54	2021-09-20T16:51:52	71.412384	51.15324	9
A003	1281425	54	2021-09-20T16:52:55	71.41252	51.15027	9
A003	1281425	54	2021-09-20T16:53:54	71.4115448	51.1451073	9
A003	1281425	54	2021-09-20T16:54:25	71.41102	51.143692	9
A003	1281425	54	2021-09-20T16:55:40	71.40923	51.1391029	9
A003	1281425	54	2021-09-20T16:57:05	71.40886	51.13776	9
A003	1281425	54	2021-09-20T16:58:15	71.40879	51.1375923	9
A003	1281425	54	2021-09-20T16:58:15	71.40879	51.1375923	1
A003	1281425	54	2021-09-20T16:59:48	71.4140244	51.1365929	1
A003	1281425	54	2021-09-20T17:01:03	71.4148941	51.13652	1
A003	1281425	54	2021-09-20T17:01:33	71.41701	51.13617	1
A003	1281425	54	2021-09-20T17:02:17	71.4209061	51.13551	1
A003	1281425	54	2021-09-20T17:04:10	71.4318542	51.13362	1
A003	1281425	54	2021-09-20T17:04:54	71.433075	51.1334267	1
A003	1281425	54	2021-09-20T17:05:25	71.433075	51.1334267	1
A003	1281425	54	2021-09-20T17:06:27	71.43799	51.1324425	1
A003	1281425	54	2021-09-20T17:08:10	71.43889	51.12866	1
A003	1281425	54	2021-09-20T17:09:19	71.43807	51.1265755	1
A003	1281425	54	2021-09-20T17:09:49	71.4368057	51.1248856	5
A003	1281425	54	2021-09-20T17:10:46	71.43232	51.1255455	5
A003	1281425	54	2021-09-20T17:11:56	71.431015	51.12497	5
A003	1281425	54	2021-09-20T17:12:55	71.42897	51.11995	5
A003	1281425	54	2021-09-20T17:13:59	71.42781	51.11665	5
A003	1281425	54	2021-09-20T17:15:01	71.42921	51.1134834	5
A003	1281425	54	2021-09-20T17:15:20	71.4309	51.1132278	5
A003	1281425	54	2021-09-20T17:16:56	71.43195	51.1098	5
A003	1281425	54	2021-09-20T17:18:21	71.4302139	51.10537	5
A003	1281425	54	2021-09-20T17:18:52	71.42907	51.10183	5
A003	1281425	54	2021-09-20T17:20:27	71.42714	51.0962257	5
A003	1281425	54	2021-09-20T17:21:04	71.4271	51.0960426	8
A003	1281425	54	2021-09-20T17:22:02	71.429184	51.09503	8
A003	1281425	54	2021-09-20T17:22:53	71.43206	51.09459	8
A003	1281425	54	2021-09-20T17:24:03	71.4391	51.0936241	8
A003	1281427	54	2021-09-20T17:25:07	71.44408	51.0929451	8
A003		54	2021-09-20T17:26:45	71.4492645	51.0923	8
A003		54	2021-09-20T17:27:05	71.45019	51.0928268	8
A003		54	2021-09-20T17:28:00	71.45068	51.094738	8
A003		54	2021-09-20T17:29:02	71.45033	51.0948639	8
A003		54	2021-09-20T17:30:21	71.44748	51.0927162	8
A003	1281427	54	2021-09-20T17:30:47	71.44686	51.0928574	8
A003	1281427	54	2021-09-20T17:31:45	71.44336	51.09328	8
A003	1281427	54	2021-09-20T17:31:45	71.44336	51.09328	8
A003	1281427	54	2021-09-20T17:31:45	71.44336	51.09328	8
A003	1281427	54	2021-09-20T17:31:45	71.44336	51.09328	8
A003	1281427	54	2021-09-20T17:31:45	71.44336	51.09328	8
A003	1281427	54	2021-09-20T17:31:45	71.44336	51.09328	4
A003	1281427	54	2021-09-20T17:31:45	71.44336	51.09328	4
A003	1281427	54	2021-09-20T17:39:26	71.4308548	51.105854	4
A003	1281427	54	2021-09-20T17:39:56	71.4308548	51.105854	4
A003	1281427	54	2021-09-20T17:39:56	71.4308548	51.105854	4
A003	1281427	54	2021-09-20T17:42:34	71.43155	51.10782	4
A003	1281427	54	2021-09-20T17:43:02	71.43238	51.1097031	4
A003	1281427	54	2021-09-20T17:44:44	71.43246	51.11014	4
A003	1281427	54	2021-09-20T17:45:09	71.43241	51.11023	4
A003	1281427	54	2021-09-20T17:46:18	71.43278	51.1116524	4
A003	1281427	54	2021-09-20T17:47:18	71.43292	51.1119843	4
A003	1281427	54	2021-09-20T17:48:24	71.43307	51.11238	4
A003	1281427	54	2021-09-20T17:49:25	71.43307	51.11238	4
A003	1281427	54	2021-09-20T17:50:27	71.43311	51.11259	4
A003	1281427	54	2021-09-20T17:51:27	71.4306946	51.11345	4
A003	1281427	54	2021-09-20T17:51:58	71.42838	51.1138	4
A003	1281427	54	2021-09-20T17:53:30	71.42793	51.11648	4
A003	1281427	54	2021-09-20T17:53:59	71.428215	51.1173172	4
A003	1281427	54	2021-09-20T17:54:30	71.428215	51.1173172	4
A003	1281427	54	2021-09-20T17:56:49	71.42888	51.1190262	4
A003	1281427	54	2021-09-20T17:57:35	71.4291458	51.1197281	4
A003	1281427	54	2021-09-20T17:58:06	71.42925	51.1199455	3
A003	1281427	54	2021-09-20T17:59:11	71.42973	51.121006	3
A003	1281427	54	2021-09-20T18:00:13	71.4300842	51.12202	3
A003	1281427	54	2021-09-20T18:01:50	71.43303	51.1253967	3
A003	1281427	54	2021-09-20T18:02:18	71.43588	51.12494	3
A003	1281427	54	2021-09-20T18:03:20	71.43588	51.12494	3
A003	1281427	54	2021-09-20T18:04:40	71.43674	51.1248245	3
A003	1281427	54	2021-09-20T18:05:41	71.43674	51.1248245	3
A003	1281427	54	2021-09-20T18:06:11	71.43674	51.1248245	3
A003	1281427	54	2021-09-20T18:07:43	71.43674	51.1248245	3
A003	1281427	54	2021-09-20T18:08:29	71.43805	51.1256065	3
A003	1281427	54	2021-09-20T18:09:30	71.43882	51.1275368	3
A003	1281427	54	2021-09-20T18:10:20	71.44009	51.13049	3
A003	1281427	54	2021-09-20T18:11:21	71.439064	51.13259	3
A003	1281427	54	2021-09-20T18:13:11	71.4357452	51.1331253	3
A003	1281427	54	2021-09-20T18:13:29	71.43528	51.1332054	3
A003	1281427	54	2021-09-20T18:14:37	71.42972	51.1342163	3
A003	1281427	54	2021-09-20T18:15:49	71.42278	51.13538	2
A003	1281427	54	2021-09-20T18:16:45	71.41931	51.136013	2
A003	1281427	54	2021-09-20T18:17:03	71.41708	51.1363678	2
A003	1281427	54	2021-09-20T18:18:04	71.4126053	51.1368942	2
A003	1281427	54	2021-09-20T18:19:42	71.4093246	51.1373672	2
A003	1281427	54	2021-09-20T18:20:41	71.409935	51.13992	2
A003	1281427	54	2021-09-20T18:21:12	71.41108	51.1429062	2
A003	1281427	54	2021-09-20T18:22:16	71.41212	51.1458168	1
A003	1281427	54	2021-09-20T18:23:18	71.41212	51.1458168	1
A003	1281427	54	2021-09-20T18:24:43	71.412674	51.14838	1
A003	1281427	54	2021-09-20T18:25:35	71.412735	51.1533165	1
A003	1281427	54	2021-09-20T18:26:17	71.41197	51.1561356	11
A003	1281427	54	2021-09-20T18:27:49	71.41034	51.1616821	1
A003	1281427	54	2021-09-20T18:28:56	71.4099655	51.16297	19
A003	1281427	54	2021-09-20T18:29:58	71.4099655	51.16297	1
A003	1281427	54	2021-09-20T18:30:28	71.40939	51.16478	9
A003	1281427	54	2021-09-20T18:31:22	71.40877	51.1668053	12
A003	1281427	54	2021-09-20T18:32:31	71.4080048	51.16977	12
A003	1281427	54	2021-09-20T18:33:53	71.40693	51.1739044	12
A003	1281427	54	2021-09-20T18:34:23	71.40654	51.1745949	1
A003	1281427	54	2021-09-20T18:35:24	71.40654	51.1745949	2
A003	1281427	54	2021-09-20T18:36:42	71.3995	51.1755676	12
A003	1281427	54	2021-09-20T18:37:33	71.39706	51.1760445	12
A003	1281427	54	2021-09-20T18:38:04	71.39387	51.17667	12
A003	1281427	54	2021-09-20T18:39:24	71.39009	51.17754	12
A003	1281427	54	2021-09-20T18:41:04	71.38176	51.1796722	12
A003	1281427	54	2021-09-20T18:42:06	71.37504	51.1813965	12
A003	1281427	54	2021-09-20T18:42:37	71.37504	51.1813965	11
A003	1281427	54	2021-09-20T18:43:26	71.373	51.1819458	12
A003	1281427	54	2021-09-20T18:44:49	71.3646545	51.1839676	12
A003	1281427	54	2021-09-20T18:46:15	71.3577347	51.185688	12
A003	1281427	54	2021-09-20T18:46:45	71.35308	51.1868134	5
A003	1281427	54	2021-09-20T18:47:53	71.34574	51.1884842	5
A003	1281427	54	2021-09-20T18:48:49	71.3451843	51.1885834	5
A003	1281427	54	2021-09-20T18:49:15	71.34425	51.1874123	5
A003	1281427	54	2021-09-20T18:50:27	71.34122	51.1846237	6
A003	1281427	54	2021-09-20T18:52:00	71.33894	51.17986	7
A003	1281427	54	2021-09-20T18:53:15	71.33942	51.178154	8
A003	1281427	54	2021-09-20T18:53:15	71.33942	51.178154	9
A003	1281427	54	2021-09-20T18:54:45	71.33308	51.1802368	10
A003	1281427	54	2021-09-20T18:55:27	71.32867	51.1818275	11
A003	1281427	54	2021-09-20T18:56:51	71.3282852	51.1863136	12
A003	1281427	54	2021-09-20T18:57:41	71.33012	51.1884537	13
A003	1281427	54	2021-09-20T18:58:59	71.32465	51.1909256	14
A003	1281427	54	2021-09-20T19:00:00	71.3195953	51.1885338	15
A003	1281427	54	2021-09-20T19:00:42	71.3166	51.186367	16
A003	1281427	54	2021-09-20T19:01:35	71.31727	51.18625	17
A003	1281427	54	2021-09-20T19:01:59	71.31727	51.18625	18
A003	1281429	54	2021-09-20T19:03:47	71.31715	51.18638	19
A003	1281429	54	2021-09-20T19:05:23	71.3236542	51.1914063	20
A003	1281429	54	2021-09-20T19:06:21	71.32662	51.1899	21
A003	1281429	54	2021-09-20T19:06:52	71.32998	51.18839	22
A003	1281429	54	2021-09-20T19:06:52	71.32998	51.18839	23
A003	1281429	54	2021-09-20T19:06:52	71.32998	51.18839	24
A003	1281429	54	2021-09-20T19:06:52	71.32998	51.18839	25
A003	1281429	54	2021-09-20T19:10:50	71.3374939	51.1785545	26
A003	1281429	54	2021-09-20T19:10:50	71.3374939	51.1785545	27
A003	1281429	54	2021-09-20T19:13:12	71.33732	51.1807556	28
A003	1281429	54	2021-09-20T19:14:16	71.341835	51.18504	29
A003	1281429	54	2021-09-20T19:15:13	71.3442	51.18719	30
A003	1281429	54	2021-09-20T19:15:32	71.34519	51.1881752	31
A003	1281429	54	2021-09-20T19:16:55	71.35182	51.1868019	32
A003	1281429	54	2021-09-20T19:17:56	71.35902	51.1850281	33
A003	1281429	54	2021-09-20T19:18:43	71.36407	51.1838036	34
A003	1281429	54	2021-09-20T19:20:05	71.3715	51.18202	35
A003	1281429	54	2021-09-20T19:20:54	71.37283	51.1816978	36
A003	1281429	54	2021-09-20T19:22:11	71.37499	51.1810875	37
A003	1281429	54	2021-09-20T19:22:45	71.37963	51.1799049	38
A003	1281429	54	2021-09-20T19:24:22	71.38362	51.17887	39
A003	1281429	54	2021-09-20T19:25:23	71.39099	51.17703	40
A003	1281429	54	2021-09-20T19:26:12	71.39404	51.17633	40
A003	1281429	54	2021-09-20T19:27:02	71.3961639	51.1759338	4
A003	1281429	54	2021-09-20T19:27:45	71.397644	51.1756363	4
A003	1281429	54	2021-09-20T19:29:15	71.40595	51.1751442	4
A003	1281429	54	2021-09-20T19:30:29	71.40646	51.1741524	4
A003	1281429	54	2021-09-20T19:31:00	71.40688	51.1726456	4
A003	1281429	54	2021-09-20T19:31:58	71.40758	51.1702	4
A003	1281429	54	2021-09-20T19:33:00	71.40788	51.1690826	4
A003	1281429	54	2021-09-20T19:33:59	71.4085846	51.1665421	4
A003	1281429	54	2021-09-20T19:34:35	71.408905	51.16528	4
A003	1281429	54	2021-09-20T19:36:26	71.41073	51.15938	4
A003	1281429	54	2021-09-20T19:37:27	71.412384	51.15237	8
A003	1281429	54	2021-09-20T19:38:11	71.4124451	51.1497765	8
A003	1281429	54	2021-09-20T19:38:42	71.41188	51.1463356	8
A003	1281429	54	2021-09-20T19:40:03	71.409996	51.1410942	8
A003	1281429	54	2021-09-20T19:40:58	71.40938	51.13949	8
A003	1281429	54	2021-09-20T19:41:27	71.40918	51.1390533	8
A003	1281429	54	2021-09-20T19:43:22	71.40885	51.1379	8
A003	1281429	54	2021-09-20T19:44:24	71.40885	51.1379	8
A003	1281429	54	2021-09-20T19:45:25	71.41107	51.1368866	8
A003	1281429	54	2021-09-20T19:46:27	71.4128342	51.13672	8
A003	1281429	54	2021-09-20T19:47:28	71.4141159	51.13659	8
A003	1281429	54	2021-09-20T19:47:28	71.4141159	51.13659	8
A003	1281429	54	2021-09-20T19:49:03	71.41555	51.1364479	8
A003	1281429	54	2021-09-20T19:50:38	71.42295	51.1351929	8
A003	1281429	54	2021-09-20T19:51:33	71.42588	51.13464	8
A003	1281429	54	2021-09-20T19:52:01	71.42597	51.134613	8
A003	1281429	54	2021-09-20T19:53:16	71.43193	51.13363	8
A003	1281429	54	2021-09-20T19:54:16	71.43855	51.1323471	8
A003	1281429	54	2021-09-20T19:55:44	71.43912	51.12917	8
A003	1281429	54	2021-09-20T19:56:07	71.4388962	51.1287079	8
A003	1281429	54	2021-09-20T19:57:24	71.43842	51.1275024	8
A003	1281429	54	2021-09-20T19:58:15	71.43781	51.12588	8
A003	1281429	54	2021-09-20T19:59:04	71.43621	51.1250458	8
A003	1281429	54	2021-09-20T19:59:50	71.4315	51.1257248	8
A003	1281429	54	2021-09-20T20:01:04	71.42995	51.12223	8
A003	1281429	54	2021-09-20T20:02:28	71.42845	51.1185532	8
A003	1281429	54	2021-09-20T20:03:41	71.42732	51.11533	8
A003	1281429	54	2021-09-20T20:04:12	71.42732	51.11533	8
A003	1281429	54	2021-09-20T20:05:06	71.4270859	51.1146469	8
A003	1281429	54	2021-09-20T20:06:08	71.42949	51.11351	8
A003	1281429	54	2021-09-20T20:06:44	71.42968	51.1134834	8
A003	1281429	54	2021-09-20T20:08:17	71.42968	51.1134834	8
A003	1281429	54	2021-09-20T20:09:27	71.43025	51.1134	8
A003	1281429	54	2021-09-20T20:10:28	71.43025	51.1134	8
A003	1281429	54	2021-09-20T20:11:42	71.4317551	51.1131744	8
A003	1281429	54	2021-09-20T20:12:43	71.4317551	51.1131744	8
A003	1281429	54	2021-09-20T20:13:13	71.4317551	51.1131744	8
A003	1281429	54	2021-09-20T20:14:14	71.4317551	51.1131744	8
A003	1281429	54	2021-09-20T20:15:09	71.43243	51.1116562	8
A003	1281429	54	2021-09-20T20:16:45	71.43115	51.1080437	8
A003	1281429	54	2021-09-20T20:17:10	71.4309	51.10755	8
A003	1281429	54	2021-09-20T20:18:23	71.42888	51.10155	8
A003	1281429	54	2021-09-20T20:19:14	71.4277649	51.0987549	8
A003	1281429	54	2021-09-20T20:20:19	71.4291	51.0950661	8
A003	1281429	54	2021-09-20T20:21:10	71.43182	51.0946732	8
A003	1281429	54	2021-09-20T20:22:26	71.43901	51.0936356	8
A003	1281429	54	2021-09-20T20:23:08	71.44305	51.0931168	8
A003		54	2021-09-20T20:24:41	71.44909	51.09234	8
A003		54	2021-09-20T20:25:12	71.44909	51.09234	8
A003	1281431	54	2021-09-20T20:26:09	71.44686	51.09288	8
A003	1281431	54	2021-09-20T20:27:31	71.44107	51.0937157	8
A003	1281431	54	2021-09-20T20:29:00	71.43397	51.0947075	8
A003	1281431	54	2021-09-20T20:29:57	71.43081	51.09511	8
A003	1281431	54	2021-09-20T20:30:27	71.42933	51.09532	8
A003	1281431	54	2021-09-20T20:31:13	71.42727	51.0961266	8
A003	1281431	54	2021-09-20T20:32:37	71.42914	51.1010056	8
A003	1281431	54	2021-09-20T20:33:25	71.42997	51.1032372	12
A003	1281431	54	2021-09-20T20:34:38	71.43156	51.10811	12
A003	1281431	54	2021-09-20T20:35:33	71.4323654	51.1099319	12
A003	1281431	54	2021-09-20T20:36:34	71.43285	51.1119843	12
A003	1281431	54	2021-09-20T20:37:36	71.43285	51.1119843	12
A003	1281431	54	2021-09-20T20:38:07	71.43292	51.11221	12
A003	1281431	54	2021-09-20T20:39:09	71.43295	51.1123161	12
A003	1281431	54	2021-09-20T20:40:39	71.4331055	51.11278	12
A003	1281431	54	2021-09-20T20:41:41	71.4331055	51.11278	12
A003	1281431	54	2021-09-20T20:43:01	71.43005	51.1136436	12
A003	1281431	54	2021-09-20T20:43:32	71.42815	51.11392	12
A003	1281431	54	2021-09-20T20:44:22	71.4274445	51.1153069	12
A003	1281431	54	2021-09-20T20:45:30	71.42773	51.116127	12
A003	1281431	54	2021-09-20T20:45:58	71.4284744	51.1181946	12
A003	1281431	54	2021-09-20T20:47:19	71.4296	51.1210251	12
A003	1281431	54	2021-09-20T20:48:41	71.42987	51.121624	12
A003	1281431	54	2021-09-20T20:49:42	71.42984	51.12187	12
A003	1281431	54	2021-09-20T20:50:44	71.43007	51.12248	12
A003	1281431	54	2021-09-20T20:51:15	71.43114	51.1249924	12
A003	1281431	54	2021-09-20T20:52:25	71.43298	51.1254234	12
A003	1281431	54	2021-09-20T20:53:18	71.43697	51.12485	12
A003	1281431	54	2021-09-20T20:54:51	71.43697	51.12485	12
A003	1281431	54	2021-09-20T20:56:10	71.4387054	51.1272964	12
A003	1281431	54	2021-09-20T20:56:41	71.43944	51.12918	12
A003	1281431	54	2021-09-20T20:57:30	71.43992	51.13035	12
A003	1281431	54	2021-09-20T20:58:31	71.4389648	51.1326065	12
A003	1281431	54	2021-09-20T20:59:54	71.4295349	51.13428	12
A003	1281431	54	2021-09-20T21:00:56	71.42317	51.13538	12
A003	1281431	54	2021-09-20T21:01:15	71.4228439	51.1354561	12
A003	1281431	54	2021-09-20T21:02:47	71.4131851	51.1368828	12
A003	1281431	54	2021-09-20T21:03:48	71.409584	51.1393661	12
A003	1281431	54	2021-09-20T21:04:57	71.41117	51.1433144	12
A003	1281431	54	2021-09-20T21:05:20	71.41152	51.14412	12
A003	1281431	54	2021-09-20T21:06:40	71.41263	51.1483536	12
A003	1281431	54	2021-09-20T21:07:23	71.41276	51.15129	12
A003	1281431	54	2021-09-20T21:08:59	71.41101	51.1595078	12
A003	1281431	54	2021-09-20T21:09:47	71.4103	51.16212	13
A003	1281431	54	2021-09-20T21:10:30	71.4100342	51.1628838	3
A003	1281431	54	2021-09-20T21:11:31	71.4100342	51.1628838	3
A003	1281431	54	2021-09-20T21:12:57	71.40866	51.16739	3
A003	1281431	54	2021-09-20T21:14:17	71.407196	51.1728249	3
A003	1281431	54	2021-09-20T21:15:02	71.40653	51.1748047	3
A003	1281431	54	2021-09-20T21:16:03	71.40076	51.1753769	3
A003	1281431	54	2021-09-20T21:17:04	71.39397	51.1766739	3
A003	1281431	54	2021-09-20T21:18:00	71.39021	51.17754	3
A003	1281431	54	2021-09-20T21:18:31	71.38727	51.1782761	3
A003	1281431	54	2021-09-20T21:19:54	71.3816	51.1797333	3
A003	1281431	54	2021-09-20T21:21:17	71.3729858	51.1819725	3
A003	1281431	54	2021-09-20T21:21:47	71.36835	51.1831169	3
A003	1281431	54	2021-09-20T21:22:33	71.36385	51.18418	3
A003	1281431	54	2021-09-20T21:23:25	71.35811	51.18562	3
A003	1281431	54	2021-09-20T21:25:04	71.3457642	51.1885033	3
A003	1281431	54	2021-09-20T21:25:53	71.34426	51.18746	3
A003	1281431	54	2021-09-20T21:27:03	71.34138	51.1847725	3
A003	1281431	54	2021-09-20T21:27:48	71.33983	51.18325	3
A003	1281431	54	2021-09-20T21:28:49	71.3372955	51.1807671	3
A003	1281431	54	2021-09-20T21:30:04	71.34076	51.1789	3
A003	1281431	54	2021-09-20T21:31:06	71.33712	51.17876	5
A003	1281431	54	2021-09-20T21:31:37	71.33388	51.179966	5
A003	1281431	54	2021-09-20T21:32:56	71.32542	51.18304	5
